timeStamp,elapsed,label,responseCode,threadName,success,sentBytes,grpThreads,allThreads,Latency,SampleCount,ErrorCount,Hostname
1545130964628,482,159 /catalog/search/,200,Cars_Mail_ru 1-2,true,501,16,16,461,1,0,Lesya.local
1545130964869,251,159 /catalog/search/,200,Cars_Mail_ru 1-6,true,501,16,16,220,1,0,Lesya.local
1545130964843,283,159 /catalog/search/,200,Cars_Mail_ru 1-3,true,501,16,16,246,1,0,Lesya.local
1545130965084,85,159 /catalog/search/,200,Cars_Mail_ru 1-8,true,501,14,14,70,1,0,Lesya.local
1545130965202,62,159 /catalog/search/,200,Cars_Mail_ru 1-4,true,501,14,14,43,1,0,Lesya.local
1545130965466,59,159 /catalog/search/,200,Cars_Mail_ru 1-9,true,501,15,15,42,1,0,Lesya.local
1545130964789,1079,159 /catalog/search/,200,Cars_Mail_ru 1-1,true,501,17,17,1069,1,0,Lesya.local
1545130965849,65,159 /catalog/search/,200,Cars_Mail_ru 1-7,true,501,16,16,47,1,0,Lesya.local
1545130965984,52,159 /catalog/search/,200,Cars_Mail_ru 1-15,true,501,16,16,39,1,0,Lesya.local
1545130966085,62,159 /catalog/search/,200,Cars_Mail_ru 1-14,true,501,16,16,49,1,0,Lesya.local
1545130966207,63,159 /catalog/search/,200,Cars_Mail_ru 1-12,true,501,16,16,48,1,0,Lesya.local
1545130966338,54,159 /catalog/search/,200,Cars_Mail_ru 1-11,true,501,16,16,44,1,0,Lesya.local
1545130966413,62,159 /catalog/search/,200,Cars_Mail_ru 1-18,true,501,16,16,48,1,0,Lesya.local
1545130966579,57,159 /catalog/search/,200,Cars_Mail_ru 1-5,true,501,16,16,40,1,0,Lesya.local
1545130966791,64,159 /catalog/search/,200,Cars_Mail_ru 1-10,true,501,17,17,47,1,0,Lesya.local
1545130966846,61,159 /catalog/search/,200,Cars_Mail_ru 1-17,true,501,16,16,48,1,0,Lesya.local
1545130967196,55,159 /catalog/search/,200,Cars_Mail_ru 1-25,true,501,18,18,39,1,0,Lesya.local
1545130967314,54,159 /catalog/search/,200,Cars_Mail_ru 1-21,true,501,18,18,39,1,0,Lesya.local
1545130967387,53,159 /catalog/search/,200,Cars_Mail_ru 1-22,true,501,18,18,43,1,0,Lesya.local
1545130967406,62,159 /catalog/search/,200,Cars_Mail_ru 1-13,true,501,17,17,49,1,0,Lesya.local
1545130967431,72,159 /catalog/search/,200,Cars_Mail_ru 1-20,true,501,16,16,62,1,0,Lesya.local
1545130967468,78,159 /catalog/search/,200,Cars_Mail_ru 1-16,true,501,16,16,67,1,0,Lesya.local
1545130967679,103,159 /catalog/search/,200,Cars_Mail_ru 1-19,true,501,16,16,89,1,0,Lesya.local
1545130967843,64,159 /catalog/search/,200,Cars_Mail_ru 1-23,true,501,16,16,50,1,0,Lesya.local
1545130967876,65,159 /catalog/search/,200,Cars_Mail_ru 1-29,true,501,16,16,48,1,0,Lesya.local
1545130968314,77,159 /catalog/search/,200,Cars_Mail_ru 1-26,true,501,19,19,51,1,0,Lesya.local
1545130968714,87,159 /catalog/search/,200,Cars_Mail_ru 1-37,true,501,21,21,66,1,0,Lesya.local
1545130968928,71,159 /catalog/search/,200,Cars_Mail_ru 1-34,true,501,22,22,44,1,0,Lesya.local
1545130968968,70,159 /catalog/search/,200,Cars_Mail_ru 1-24,true,501,21,21,59,1,0,Lesya.local
1545130968969,89,159 /catalog/search/,200,Cars_Mail_ru 1-39,true,501,20,20,80,1,0,Lesya.local
1545130969122,54,159 /catalog/search/,200,Cars_Mail_ru 1-33,true,501,20,20,42,1,0,Lesya.local
1545130969163,59,159 /catalog/search/,200,Cars_Mail_ru 1-28,true,501,19,19,49,1,0,Lesya.local
1545130969215,51,159 /catalog/search/,200,Cars_Mail_ru 1-27,true,501,19,19,37,1,0,Lesya.local
1545130969433,55,159 /catalog/search/,200,Cars_Mail_ru 1-41,true,501,20,20,44,1,0,Lesya.local
1545130969504,63,159 /catalog/search/,200,Cars_Mail_ru 1-31,true,501,19,19,47,1,0,Lesya.local
1545130969531,53,159 /catalog/search/,200,Cars_Mail_ru 1-32,true,501,18,18,42,1,0,Lesya.local
1545130969604,51,159 /catalog/search/,200,Cars_Mail_ru 1-30,true,501,18,18,38,1,0,Lesya.local
1545130969653,60,159 /catalog/search/,200,Cars_Mail_ru 1-36,true,501,18,18,53,1,0,Lesya.local
1545130969947,66,159 /catalog/search/,200,Cars_Mail_ru 1-40,true,501,19,19,46,1,0,Lesya.local
1545130970091,51,159 /catalog/search/,200,Cars_Mail_ru 1-38,true,501,19,19,39,1,0,Lesya.local
1545130970134,58,159 /catalog/search/,200,Cars_Mail_ru 1-35,true,501,19,19,45,1,0,Lesya.local
1545130970318,53,159 /catalog/search/,200,Cars_Mail_ru 1-49,true,501,19,19,42,1,0,Lesya.local
1545130970338,57,159 /catalog/search/,200,Cars_Mail_ru 1-43,true,501,18,18,42,1,0,Lesya.local
1545130970384,64,159 /catalog/search/,200,Cars_Mail_ru 1-46,true,501,18,18,50,1,0,Lesya.local
1545130970433,59,159 /catalog/search/,200,Cars_Mail_ru 1-52,true,501,17,17,41,1,0,Lesya.local
1545130970676,54,159 /catalog/search/,200,Cars_Mail_ru 1-48,true,501,18,18,38,1,0,Lesya.local
1545130970704,57,159 /catalog/search/,200,Cars_Mail_ru 1-53,true,501,17,17,46,1,0,Lesya.local
1545130970716,63,159 /catalog/search/,200,Cars_Mail_ru 1-42,true,501,16,16,53,1,0,Lesya.local
1545130970747,65,159 /catalog/search/,200,Cars_Mail_ru 1-51,true,501,16,16,51,1,0,Lesya.local
1545130970789,59,159 /catalog/search/,200,Cars_Mail_ru 1-44,true,501,15,15,42,1,0,Lesya.local
1545130971099,65,159 /catalog/search/,200,Cars_Mail_ru 1-57,true,501,17,17,55,1,0,Lesya.local
1545130971332,58,159 /catalog/search/,200,Cars_Mail_ru 1-56,true,501,17,17,47,1,0,Lesya.local
1545130971385,59,159 /catalog/search/,200,Cars_Mail_ru 1-45,true,501,17,17,41,1,0,Lesya.local
1545130971466,48,159 /catalog/search/,200,Cars_Mail_ru 1-47,true,501,16,16,34,1,0,Lesya.local
1545130971518,56,159 /catalog/search/,200,Cars_Mail_ru 1-61,true,501,16,16,43,1,0,Lesya.local
1545130971560,59,159 /catalog/search/,200,Cars_Mail_ru 1-58,true,501,15,15,48,1,0,Lesya.local
1545130971665,53,159 /catalog/search/,200,Cars_Mail_ru 1-50,true,501,15,15,37,1,0,Lesya.local
1545130971898,62,159 /catalog/search/,200,Cars_Mail_ru 1-54,true,501,16,16,40,1,0,Lesya.local
1545130972270,70,159 /catalog/search/,200,Cars_Mail_ru 1-64,true,501,18,18,47,1,0,Lesya.local
1545130972506,93,159 /catalog/search/,200,Cars_Mail_ru 1-67,true,501,20,20,74,1,0,Lesya.local
1545130972664,52,159 /catalog/search/,200,Cars_Mail_ru 1-55,true,501,19,19,39,1,0,Lesya.local
1545130972848,62,159 /catalog/search/,200,Cars_Mail_ru 1-59,true,501,20,20,51,1,0,Lesya.local
1545130972864,57,159 /catalog/search/,200,Cars_Mail_ru 1-62,true,501,19,19,46,1,0,Lesya.local
1545130972980,51,159 /catalog/search/,200,Cars_Mail_ru 1-70,true,501,19,19,41,1,0,Lesya.local
1545130972998,53,159 /catalog/search/,200,Cars_Mail_ru 1-60,true,501,18,18,44,1,0,Lesya.local
1545130973109,48,159 /catalog/search/,200,Cars_Mail_ru 1-63,true,501,18,18,36,1,0,Lesya.local
1545130973199,58,159 /catalog/search/,200,Cars_Mail_ru 1-65,true,501,18,18,40,1,0,Lesya.local
1545130973284,55,159 /catalog/search/,200,Cars_Mail_ru 1-71,true,501,18,18,41,1,0,Lesya.local
1545130973524,59,159 /catalog/search/,200,Cars_Mail_ru 1-66,true,501,19,19,40,1,0,Lesya.local
1545130973534,57,159 /catalog/search/,200,Cars_Mail_ru 1-69,true,501,18,18,41,1,0,Lesya.local
1545130973726,54,159 /catalog/search/,200,Cars_Mail_ru 1-80,true,501,18,18,39,1,0,Lesya.local
1545130973845,77,159 /catalog/search/,200,Cars_Mail_ru 1-75,true,501,18,18,39,1,0,Lesya.local
1545130973842,82,159 /catalog/search/,200,Cars_Mail_ru 1-68,true,501,18,18,62,1,0,Lesya.local
1545130973974,67,159 /catalog/search/,200,Cars_Mail_ru 1-73,true,501,17,17,41,1,0,Lesya.local
1545130974041,52,159 /catalog/search/,200,Cars_Mail_ru 1-81,true,501,17,17,42,1,0,Lesya.local
1545130974175,53,159 /catalog/search/,200,Cars_Mail_ru 1-82,true,501,17,17,36,1,0,Lesya.local
1545130974288,58,159 /catalog/search/,200,Cars_Mail_ru 1-72,true,501,17,17,45,1,0,Lesya.local
1545130974451,55,159 /catalog/search/,200,Cars_Mail_ru 1-83,true,501,17,17,40,1,0,Lesya.local
1545130974549,58,159 /catalog/search/,200,Cars_Mail_ru 1-79,true,501,17,17,41,1,0,Lesya.local
1545130974700,51,159 /catalog/search/,200,Cars_Mail_ru 1-84,true,501,17,17,39,1,0,Lesya.local
1545130974715,56,159 /catalog/search/,200,Cars_Mail_ru 1-78,true,501,17,17,42,1,0,Lesya.local
1545130974871,57,159 /catalog/search/,200,Cars_Mail_ru 1-74,true,501,17,17,38,1,0,Lesya.local
1545130975083,65,159 /catalog/search/,200,Cars_Mail_ru 1-77,true,501,18,18,46,1,0,Lesya.local
1545130975126,58,159 /catalog/search/,200,Cars_Mail_ru 1-76,true,501,17,17,45,1,0,Lesya.local
1545130975226,54,159 /catalog/search/,200,Cars_Mail_ru 1-88,true,501,17,17,39,1,0,Lesya.local
1545130975310,55,159 /catalog/search/,200,Cars_Mail_ru 1-87,true,501,17,17,44,1,0,Lesya.local
1545130975323,69,159 /catalog/search/,200,Cars_Mail_ru 1-91,true,501,16,16,53,1,0,Lesya.local
1545130975751,73,159 /catalog/search/,200,Cars_Mail_ru 1-86,true,501,18,18,45,1,0,Lesya.local
1545130975890,61,159 /catalog/search/,200,Cars_Mail_ru 1-90,true,501,18,18,46,1,0,Lesya.local
1545130976034,56,159 /catalog/search/,200,Cars_Mail_ru 1-85,true,501,19,19,42,1,0,Lesya.local
1545130976118,77,159 /catalog/search/,200,Cars_Mail_ru 1-89,true,501,18,18,50,1,0,Lesya.local
1545130976337,55,159 /catalog/search/,200,Cars_Mail_ru 1-94,true,501,19,19,40,1,0,Lesya.local
1545130976643,60,159 /catalog/search/,200,Cars_Mail_ru 1-95,true,501,21,21,44,1,0,Lesya.local
1545130976660,58,159 /catalog/search/,200,Cars_Mail_ru 1-99,true,501,20,20,44,1,0,Lesya.local
1545130976747,51,159 /catalog/search/,200,Cars_Mail_ru 1-98,true,501,19,19,35,1,0,Lesya.local
1545130976789,55,159 /catalog/search/,200,Cars_Mail_ru 1-103,true,501,19,19,37,1,0,Lesya.local
1545130976895,57,159 /catalog/search/,200,Cars_Mail_ru 1-96,true,501,19,19,38,1,0,Lesya.local
1545130976936,64,159 /catalog/search/,200,Cars_Mail_ru 1-93,true,501,18,18,47,1,0,Lesya.local
1545130976944,64,159 /catalog/search/,200,Cars_Mail_ru 1-92,true,501,17,17,52,1,0,Lesya.local
1545130977103,61,159 /catalog/search/,200,Cars_Mail_ru 1-100,true,501,17,17,46,1,0,Lesya.local
1545130977153,60,159 /catalog/search/,200,Cars_Mail_ru 1-101,true,501,17,17,40,1,0,Lesya.local
1545130977229,62,159 /catalog/search/,200,Cars_Mail_ru 1-97,true,501,17,17,48,1,0,Lesya.local
1545130977355,59,159 /catalog/search/,200,Cars_Mail_ru 1-104,true,501,17,17,45,1,0,Lesya.local
1545130977568,54,159 /catalog/search/,200,Cars_Mail_ru 1-102,true,501,17,17,41,1,0,Lesya.local
1545130977649,56,159 /catalog/search/,200,Cars_Mail_ru 1-111,true,501,17,17,41,1,0,Lesya.local
1545130977690,54,159 /catalog/search/,200,Cars_Mail_ru 1-108,true,501,16,16,41,1,0,Lesya.local
1545130977932,62,159 /catalog/search/,200,Cars_Mail_ru 1-106,true,501,17,17,43,1,0,Lesya.local
1545130978135,54,159 /catalog/search/,200,Cars_Mail_ru 1-105,true,501,18,18,37,1,0,Lesya.local
1545130978136,55,159 /catalog/search/,200,Cars_Mail_ru 1-112,true,501,17,17,36,1,0,Lesya.local
1545130978201,54,159 /catalog/search/,200,Cars_Mail_ru 1-116,true,501,17,17,41,1,0,Lesya.local
1545130978660,61,159 /catalog/search/,200,Cars_Mail_ru 1-118,true,501,19,19,43,1,0,Lesya.local
1545130978693,56,159 /catalog/search/,200,Cars_Mail_ru 1-120,true,501,19,19,42,1,0,Lesya.local
1545130978684,103,159 /catalog/search/,200,Cars_Mail_ru 1-107,true,501,18,18,79,1,0,Lesya.local
1545130979052,102,159 /catalog/search/,200,Cars_Mail_ru 1-109,true,501,20,20,68,1,0,Lesya.local
1545130979155,57,159 /catalog/search/,200,Cars_Mail_ru 1-125,true,501,20,20,39,1,0,Lesya.local
1545130979196,57,159 /catalog/search/,200,Cars_Mail_ru 1-121,true,501,19,19,47,1,0,Lesya.local
1545130979222,59,159 /catalog/search/,200,Cars_Mail_ru 1-110,true,501,18,18,44,1,0,Lesya.local
1545130979269,59,159 /catalog/search/,200,Cars_Mail_ru 1-126,true,501,17,17,39,1,0,Lesya.local
1545130979342,73,159 /catalog/search/,200,Cars_Mail_ru 1-115,true,501,17,17,44,1,0,Lesya.local
1545130979444,59,159 /catalog/search/,200,Cars_Mail_ru 1-124,true,501,17,17,39,1,0,Lesya.local
1545130979603,57,159 /catalog/search/,200,Cars_Mail_ru 1-113,true,501,17,17,38,1,0,Lesya.local
1545130979637,74,159 /catalog/search/,200,Cars_Mail_ru 1-114,true,501,17,17,56,1,0,Lesya.local
1545130979686,59,159 /catalog/search/,200,Cars_Mail_ru 1-117,true,501,16,16,44,1,0,Lesya.local
1545130979838,54,159 /catalog/search/,200,Cars_Mail_ru 1-122,true,501,16,16,39,1,0,Lesya.local
1545130980031,57,159 /catalog/search/,200,Cars_Mail_ru 1-128,true,501,17,17,41,1,0,Lesya.local
1545130980188,50,159 /catalog/search/,200,Cars_Mail_ru 1-132,true,501,17,17,36,1,0,Lesya.local
1545130980298,65,159 /catalog/search/,200,Cars_Mail_ru 1-119,true,501,17,17,40,1,0,Lesya.local
1545130980338,64,159 /catalog/search/,200,Cars_Mail_ru 1-131,true,501,16,16,50,1,0,Lesya.local
1545130980372,80,159 /catalog/search/,200,Cars_Mail_ru 1-129,true,501,16,16,64,1,0,Lesya.local
1545130980427,61,159 /catalog/search/,200,Cars_Mail_ru 1-135,true,501,15,15,48,1,0,Lesya.local
1545130980773,70,159 /catalog/search/,200,Cars_Mail_ru 1-136,true,501,17,17,44,1,0,Lesya.local
1545130980803,54,159 /catalog/search/,200,Cars_Mail_ru 1-123,true,501,16,16,40,1,0,Lesya.local
1545130980872,56,159 /catalog/search/,200,Cars_Mail_ru 1-139,true,501,16,16,40,1,0,Lesya.local
1545130981357,86,159 /catalog/search/,200,Cars_Mail_ru 1-127,true,501,19,19,61,1,0,Lesya.local
1545130981392,124,159 /catalog/search/,200,Cars_Mail_ru 1-134,true,501,19,19,89,1,0,Lesya.local
1545130981474,82,159 /catalog/search/,200,Cars_Mail_ru 1-142,true,501,18,18,65,1,0,Lesya.local
1545130981458,101,159 /catalog/search/,200,Cars_Mail_ru 1-130,true,501,17,17,82,1,0,Lesya.local
1545130981790,64,159 /catalog/search/,200,Cars_Mail_ru 1-133,true,501,18,18,47,1,0,Lesya.local
1545130982048,56,159 /catalog/search/,200,Cars_Mail_ru 1-144,true,501,20,20,44,1,0,Lesya.local
1545130982108,57,159 /catalog/search/,200,Cars_Mail_ru 1-145,true,501,19,19,39,1,0,Lesya.local
1545130982132,92,159 /catalog/search/,200,Cars_Mail_ru 1-138,true,501,19,19,48,1,0,Lesya.local
1545130982446,80,159 /catalog/search/,200,Cars_Mail_ru 1-141,true,501,20,20,39,1,0,Lesya.local
1545130982494,78,159 /catalog/search/,200,Cars_Mail_ru 1-137,true,501,19,19,54,1,0,Lesya.local
1545130982530,77,159 /catalog/search/,200,Cars_Mail_ru 1-140,true,501,19,19,41,1,0,Lesya.local
1545130982704,57,159 /catalog/search/,200,Cars_Mail_ru 1-143,true,501,19,19,43,1,0,Lesya.local
1545130982748,65,159 /catalog/search/,200,Cars_Mail_ru 1-146,true,501,18,18,43,1,0,Lesya.local
1545130982787,70,159 /catalog/search/,200,Cars_Mail_ru 1-150,true,501,18,18,51,1,0,Lesya.local
1545130983014,68,159 /catalog/search/,200,Cars_Mail_ru 1-153,true,501,19,19,48,1,0,Lesya.local
1545130983133,55,159 /catalog/search/,200,Cars_Mail_ru 1-157,true,501,19,19,42,1,0,Lesya.local
1545130983238,58,159 /catalog/search/,200,Cars_Mail_ru 1-156,true,501,18,18,44,1,0,Lesya.local
1545130983315,61,159 /catalog/search/,200,Cars_Mail_ru 1-154,true,501,18,18,47,1,0,Lesya.local
1545130983415,61,159 /catalog/search/,200,Cars_Mail_ru 1-152,true,501,18,18,47,1,0,Lesya.local
1545130983431,69,159 /catalog/search/,200,Cars_Mail_ru 1-160,true,501,17,17,43,1,0,Lesya.local
1545130983432,77,159 /catalog/search/,200,Cars_Mail_ru 1-149,true,501,16,16,65,1,0,Lesya.local
1545130983556,61,159 /catalog/search/,200,Cars_Mail_ru 1-147,true,501,16,16,37,1,0,Lesya.local
1545130983655,64,159 /catalog/search/,200,Cars_Mail_ru 1-148,true,501,16,16,47,1,0,Lesya.local
1545130983806,61,159 /catalog/search/,200,Cars_Mail_ru 1-151,true,501,16,16,42,1,0,Lesya.local
1545130983932,57,159 /catalog/search/,200,Cars_Mail_ru 1-159,true,501,16,16,45,1,0,Lesya.local
1545130984023,57,159 /catalog/search/,200,Cars_Mail_ru 1-161,true,501,16,16,40,1,0,Lesya.local
1545130984207,67,159 /catalog/search/,200,Cars_Mail_ru 1-165,true,501,17,17,50,1,0,Lesya.local
1545130984223,66,159 /catalog/search/,200,Cars_Mail_ru 1-155,true,501,16,16,50,1,0,Lesya.local
1545130984303,102,159 /catalog/search/,200,Cars_Mail_ru 1-163,true,501,16,16,86,1,0,Lesya.local
1545130984515,57,159 /catalog/search/,200,Cars_Mail_ru 1-164,true,501,16,16,38,1,0,Lesya.local
1545130984701,62,159 /catalog/search/,200,Cars_Mail_ru 1-166,true,501,17,17,41,1,0,Lesya.local
1545130984757,74,159 /catalog/search/,200,Cars_Mail_ru 1-162,true,501,16,16,41,1,0,Lesya.local
1545130984757,81,159 /catalog/search/,200,Cars_Mail_ru 1-158,true,501,15,15,60,1,0,Lesya.local
1545130984822,69,159 /catalog/search/,200,Cars_Mail_ru 1-172,true,501,15,15,53,1,0,Lesya.local
1545130984858,54,159 /catalog/search/,200,Cars_Mail_ru 1-168,true,501,14,14,42,1,0,Lesya.local
1545130985158,83,159 /catalog/search/,200,Cars_Mail_ru 1-175,true,501,16,16,69,1,0,Lesya.local
1545130985187,83,159 /catalog/search/,200,Cars_Mail_ru 1-169,true,501,15,15,62,1,0,Lesya.local
1545130985359,61,159 /catalog/search/,200,Cars_Mail_ru 1-170,true,501,15,15,46,1,0,Lesya.local
1545130985649,80,159 /catalog/search/,200,Cars_Mail_ru 1-171,true,501,17,17,51,1,0,Lesya.local
1545130985858,62,159 /catalog/search/,200,Cars_Mail_ru 1-176,true,501,17,17,46,1,0,Lesya.local
1545130985892,60,159 /catalog/search/,200,Cars_Mail_ru 1-173,true,501,17,17,41,1,0,Lesya.local
1545130986064,54,159 /catalog/search/,200,Cars_Mail_ru 1-167,true,501,17,17,37,1,0,Lesya.local
1545130986293,52,159 /catalog/search/,200,Cars_Mail_ru 1-177,true,501,18,18,40,1,0,Lesya.local
1545130986461,54,159 /catalog/search/,200,Cars_Mail_ru 1-174,true,501,18,18,37,1,0,Lesya.local
1545130986694,54,159 /catalog/search/,200,Cars_Mail_ru 1-184,true,501,19,19,38,1,0,Lesya.local
1545130986962,74,159 /catalog/search/,200,Cars_Mail_ru 1-187,true,501,21,21,57,1,0,Lesya.local
1545130987056,59,159 /catalog/search/,200,Cars_Mail_ru 1-178,true,501,20,20,38,1,0,Lesya.local
1545130987135,55,159 /catalog/search/,200,Cars_Mail_ru 1-179,true,501,20,20,41,1,0,Lesya.local
1545130987181,58,159 /catalog/search/,200,Cars_Mail_ru 1-180,true,501,19,19,42,1,0,Lesya.local
1545130987295,52,159 /catalog/search/,200,Cars_Mail_ru 1-182,true,501,19,19,38,1,0,Lesya.local
1545130987556,113,159 /catalog/search/,200,Cars_Mail_ru 1-194,true,501,21,21,101,1,0,Lesya.local
1545130987838,85,159 /catalog/search/,200,Cars_Mail_ru 1-181,true,501,22,22,41,1,0,Lesya.local
1545130987857,73,159 /catalog/search/,200,Cars_Mail_ru 1-193,true,501,21,21,45,1,0,Lesya.local
1545130987842,89,159 /catalog/search/,200,Cars_Mail_ru 1-183,true,501,20,20,64,1,0,Lesya.local
1545130987913,63,159 /catalog/search/,200,Cars_Mail_ru 1-195,true,501,19,19,49,1,0,Lesya.local
1545130987992,60,159 /catalog/search/,200,Cars_Mail_ru 1-186,true,501,19,19,42,1,0,Lesya.local
1545130988014,52,159 /catalog/search/,200,Cars_Mail_ru 1-192,true,501,18,18,39,1,0,Lesya.local
1545130988097,56,159 /catalog/search/,200,Cars_Mail_ru 1-196,true,501,18,18,39,1,0,Lesya.local
1545130988141,73,159 /catalog/search/,200,Cars_Mail_ru 1-185,true,501,17,17,52,1,0,Lesya.local
1545130988126,95,159 /catalog/search/,200,Cars_Mail_ru 1-188,true,501,16,16,61,1,0,Lesya.local
1545130988370,54,159 /catalog/search/,200,Cars_Mail_ru 1-189,true,501,17,17,36,1,0,Lesya.local
1545130988413,61,159 /catalog/search/,200,Cars_Mail_ru 1-190,true,501,16,16,42,1,0,Lesya.local
1545130988469,65,159 /catalog/search/,200,Cars_Mail_ru 1-202,true,501,16,16,52,1,0,Lesya.local
1545130988813,69,159 /catalog/search/,200,Cars_Mail_ru 1-201,true,501,18,18,41,1,0,Lesya.local
1545130988927,83,159 /catalog/search/,200,Cars_Mail_ru 1-191,true,501,18,18,44,1,0,Lesya.local
1545130989004,60,159 /catalog/search/,200,Cars_Mail_ru 1-197,true,501,17,17,45,1,0,Lesya.local
1545130989181,62,159 /catalog/search/,200,Cars_Mail_ru 1-198,true,501,18,18,41,1,0,Lesya.local
1545130989511,61,159 /catalog/search/,200,Cars_Mail_ru 1-199,true,501,20,20,40,1,0,Lesya.local
1545130989586,66,159 /catalog/search/,200,Cars_Mail_ru 1-203,true,501,19,19,48,1,0,Lesya.local
1545130989695,58,159 /catalog/search/,200,Cars_Mail_ru 1-204,true,501,19,19,42,1,0,Lesya.local
1545130989979,58,159 /catalog/search/,200,Cars_Mail_ru 1-211,true,501,21,21,42,1,0,Lesya.local
1545130990106,55,159 /catalog/search/,200,Cars_Mail_ru 1-200,true,501,21,21,38,1,0,Lesya.local
1545130990361,57,159 /catalog/search/,200,Cars_Mail_ru 1-218,true,501,22,22,44,1,0,Lesya.local
1545130990395,64,159 /catalog/search/,200,Cars_Mail_ru 1-214,true,501,21,21,43,1,0,Lesya.local
1545130990464,68,159 /catalog/search/,200,Cars_Mail_ru 1-205,true,501,21,21,51,1,0,Lesya.local
1545130990513,58,159 /catalog/search/,200,Cars_Mail_ru 1-213,true,501,20,20,44,1,0,Lesya.local
1545130990637,59,159 /catalog/search/,200,Cars_Mail_ru 1-208,true,501,20,20,39,1,0,Lesya.local
1545130990713,58,159 /catalog/search/,200,Cars_Mail_ru 1-209,true,501,20,20,41,1,0,Lesya.local
1545130990775,57,159 /catalog/search/,200,Cars_Mail_ru 1-206,true,501,19,19,43,1,0,Lesya.local
1545130990808,63,159 /catalog/search/,200,Cars_Mail_ru 1-219,true,501,18,18,45,1,0,Lesya.local
1545130990812,61,159 /catalog/search/,200,Cars_Mail_ru 1-222,true,501,17,17,44,1,0,Lesya.local
1545130990907,57,159 /catalog/search/,200,Cars_Mail_ru 1-207,true,501,17,17,42,1,0,Lesya.local
1545130991009,60,159 /catalog/search/,200,Cars_Mail_ru 1-210,true,501,17,17,39,1,0,Lesya.local
1545130991013,68,159 /catalog/search/,200,Cars_Mail_ru 1-212,true,501,16,16,50,1,0,Lesya.local
1545130991087,56,159 /catalog/search/,200,Cars_Mail_ru 1-217,true,501,16,16,38,1,0,Lesya.local
1545130991355,70,159 /catalog/search/,200,Cars_Mail_ru 1-223,true,501,17,17,44,1,0,Lesya.local
1545130991381,53,159 /catalog/search/,200,Cars_Mail_ru 1-215,true,501,16,16,37,1,0,Lesya.local
1545130991396,68,159 /catalog/search/,200,Cars_Mail_ru 1-216,true,501,15,15,51,1,0,Lesya.local
1545130991878,65,159 /catalog/search/,200,Cars_Mail_ru 1-220,true,501,18,18,51,1,0,Lesya.local
1545130992352,82,159 /catalog/search/,200,Cars_Mail_ru 1-221,true,501,21,21,44,1,0,Lesya.local
1545130992391,78,159 /catalog/search/,200,Cars_Mail_ru 1-232,true,501,21,21,65,1,0,Lesya.local
1545130992490,55,159 /catalog/search/,200,Cars_Mail_ru 1-231,true,501,20,20,35,1,0,Lesya.local
1545130992640,72,159 /catalog/search/,200,Cars_Mail_ru 1-229,true,501,21,21,38,1,0,Lesya.local
1545130992640,77,159 /catalog/search/,200,Cars_Mail_ru 1-227,true,501,20,20,59,1,0,Lesya.local
1545130992796,56,159 /catalog/search/,200,Cars_Mail_ru 1-226,true,501,20,20,38,1,0,Lesya.local
1545130992929,57,159 /catalog/search/,200,Cars_Mail_ru 1-224,true,501,20,20,39,1,0,Lesya.local
1545130992972,49,159 /catalog/search/,200,Cars_Mail_ru 1-237,true,501,19,19,38,1,0,Lesya.local
1545130992997,59,159 /catalog/search/,200,Cars_Mail_ru 1-225,true,501,19,19,41,1,0,Lesya.local
1545130993138,57,159 /catalog/search/,200,Cars_Mail_ru 1-228,true,501,19,19,39,1,0,Lesya.local
1545130993352,55,159 /catalog/search/,200,Cars_Mail_ru 1-230,true,501,20,20,40,1,0,Lesya.local
1545130993447,57,159 /catalog/search/,200,Cars_Mail_ru 1-234,true,501,19,19,41,1,0,Lesya.local
1545130993554,61,159 /catalog/search/,200,Cars_Mail_ru 1-235,true,501,19,19,38,1,0,Lesya.local
1545130993841,57,159 /catalog/search/,200,Cars_Mail_ru 1-246,true,501,21,21,42,1,0,Lesya.local
1545130993913,63,159 /catalog/search/,200,Cars_Mail_ru 1-240,true,501,20,20,41,1,0,Lesya.local
1545130993933,67,159 /catalog/search/,200,Cars_Mail_ru 1-239,true,501,19,19,43,1,0,Lesya.local
1545130993976,78,159 /catalog/search/,200,Cars_Mail_ru 1-238,true,501,19,19,41,1,0,Lesya.local
1545130993980,77,159 /catalog/search/,200,Cars_Mail_ru 1-247,true,501,18,18,57,1,0,Lesya.local
1545130994001,61,159 /catalog/search/,200,Cars_Mail_ru 1-233,true,501,17,17,43,1,0,Lesya.local
1545130994207,58,159 /catalog/search/,200,Cars_Mail_ru 1-243,true,501,18,18,39,1,0,Lesya.local
1545130994214,52,159 /catalog/search/,200,Cars_Mail_ru 1-242,true,501,17,17,37,1,0,Lesya.local
1545130994240,64,159 /catalog/search/,200,Cars_Mail_ru 1-236,true,501,16,16,49,1,0,Lesya.local
1545130994790,63,159 /catalog/search/,200,Cars_Mail_ru 1-244,true,501,20,20,44,1,0,Lesya.local
1545130994816,51,159 /catalog/search/,200,Cars_Mail_ru 1-241,true,501,19,19,40,1,0,Lesya.local
1545130994849,63,159 /catalog/search/,200,Cars_Mail_ru 1-251,true,501,18,18,45,1,0,Lesya.local
1545130994874,52,159 /catalog/search/,200,Cars_Mail_ru 1-249,true,501,17,17,40,1,0,Lesya.local
1545130995054,56,159 /catalog/search/,200,Cars_Mail_ru 1-256,true,501,18,18,45,1,0,Lesya.local
1545130995183,61,159 /catalog/search/,200,Cars_Mail_ru 1-245,true,501,18,18,41,1,0,Lesya.local
1545130995483,74,159 /catalog/search/,200,Cars_Mail_ru 1-248,true,501,19,19,45,1,0,Lesya.local
1545130995517,114,159 /catalog/search/,200,Cars_Mail_ru 1-254,true,501,19,19,80,1,0,Lesya.local
1545130995810,59,159 /catalog/search/,200,Cars_Mail_ru 1-262,true,501,20,20,39,1,0,Lesya.local
1545130995817,58,159 /catalog/search/,200,Cars_Mail_ru 1-252,true,501,19,19,43,1,0,Lesya.local
1545130995845,58,159 /catalog/search/,200,Cars_Mail_ru 1-253,true,501,18,18,43,1,0,Lesya.local
1545130996005,58,159 /catalog/search/,200,Cars_Mail_ru 1-255,true,501,19,19,42,1,0,Lesya.local
1545130996062,63,159 /catalog/search/,200,Cars_Mail_ru 1-263,true,501,18,18,41,1,0,Lesya.local
1545130996145,405,159 /catalog/search/,200,Cars_Mail_ru 1-250,true,501,21,21,374,1,0,Lesya.local
1545130996152,398,159 /catalog/search/,200,Cars_Mail_ru 1-260,true,501,21,21,379,1,0,Lesya.local
1545130996551,52,159 /catalog/search/,200,Cars_Mail_ru 1-258,true,501,19,19,35,1,0,Lesya.local
1545130996692,72,159 /catalog/search/,200,Cars_Mail_ru 1-269,true,501,19,19,55,1,0,Lesya.local
1545130996761,53,159 /catalog/search/,200,Cars_Mail_ru 1-259,true,501,19,19,36,1,0,Lesya.local
1545130996844,55,159 /catalog/search/,200,Cars_Mail_ru 1-261,true,501,19,19,38,1,0,Lesya.local
1545130996876,58,159 /catalog/search/,200,Cars_Mail_ru 1-257,true,501,18,18,45,1,0,Lesya.local
1545130996935,56,159 /catalog/search/,200,Cars_Mail_ru 1-270,true,501,17,17,41,1,0,Lesya.local
1545130997126,53,159 /catalog/search/,200,Cars_Mail_ru 1-267,true,501,18,18,39,1,0,Lesya.local
1545130997137,57,159 /catalog/search/,200,Cars_Mail_ru 1-271,true,501,17,17,43,1,0,Lesya.local
1545130997253,54,159 /catalog/search/,200,Cars_Mail_ru 1-272,true,501,17,17,38,1,0,Lesya.local
1545130997295,64,159 /catalog/search/,200,Cars_Mail_ru 1-273,true,501,16,16,39,1,0,Lesya.local
1545130997616,60,159 /catalog/search/,200,Cars_Mail_ru 1-264,true,501,18,18,43,1,0,Lesya.local
1545130997900,58,159 /catalog/search/,200,Cars_Mail_ru 1-265,true,501,19,19,44,1,0,Lesya.local
1545130997975,53,159 /catalog/search/,200,Cars_Mail_ru 1-280,true,501,19,19,36,1,0,Lesya.local
1545130998018,76,159 /catalog/search/,200,Cars_Mail_ru 1-266,true,501,19,19,38,1,0,Lesya.local
1545130998017,79,159 /catalog/search/,200,Cars_Mail_ru 1-281,true,501,18,18,63,1,0,Lesya.local
1545130998305,58,159 /catalog/search/,200,Cars_Mail_ru 1-268,true,501,19,19,43,1,0,Lesya.local
1545130998411,69,159 /catalog/search/,200,Cars_Mail_ru 1-274,true,501,19,19,41,1,0,Lesya.local
1545130998494,59,159 /catalog/search/,200,Cars_Mail_ru 1-278,true,501,18,18,49,1,0,Lesya.local
1545130998596,76,159 /catalog/search/,200,Cars_Mail_ru 1-279,true,501,18,18,36,1,0,Lesya.local
1545130998803,56,159 /catalog/search/,200,Cars_Mail_ru 1-276,true,501,19,19,40,1,0,Lesya.local
1545130998935,81,159 /catalog/search/,200,Cars_Mail_ru 1-283,true,501,19,19,58,1,0,Lesya.local
1545130999102,63,159 /catalog/search/,200,Cars_Mail_ru 1-277,true,501,19,19,52,1,0,Lesya.local
1545130999275,99,159 /catalog/search/,200,Cars_Mail_ru 1-287,true,501,20,20,45,1,0,Lesya.local
1545130999319,60,159 /catalog/search/,200,Cars_Mail_ru 1-291,true,501,19,19,39,1,0,Lesya.local
1545130999285,133,159 /catalog/search/,200,Cars_Mail_ru 1-288,true,501,19,19,101,1,0,Lesya.local
1545130999292,132,159 /catalog/search/,200,Cars_Mail_ru 1-275,true,501,18,18,117,1,0,Lesya.local
1545130999563,63,159 /catalog/search/,200,Cars_Mail_ru 1-285,true,501,18,18,42,1,0,Lesya.local
1545130999633,55,159 /catalog/search/,200,Cars_Mail_ru 1-290,true,501,18,18,34,1,0,Lesya.local
1545130999636,58,159 /catalog/search/,200,Cars_Mail_ru 1-294,true,501,17,17,42,1,0,Lesya.local
1545130999736,57,159 /catalog/search/,200,Cars_Mail_ru 1-282,true,501,17,17,40,1,0,Lesya.local
1545130999761,61,159 /catalog/search/,200,Cars_Mail_ru 1-289,true,501,16,16,48,1,0,Lesya.local
1545131000054,55,159 /catalog/search/,200,Cars_Mail_ru 1-286,true,501,17,17,41,1,0,Lesya.local
1545131000153,53,159 /catalog/search/,200,Cars_Mail_ru 1-284,true,501,17,17,38,1,0,Lesya.local
1545131000387,55,159 /catalog/search/,200,Cars_Mail_ru 1-299,true,501,18,18,38,1,0,Lesya.local
1545131000481,58,159 /catalog/search/,200,Cars_Mail_ru 1-292,true,501,18,18,48,1,0,Lesya.local
1545131000591,66,159 /catalog/search/,200,Cars_Mail_ru 1-298,true,501,18,18,39,1,0,Lesya.local
1545131000591,80,159 /catalog/search/,200,Cars_Mail_ru 1-295,true,501,17,17,61,1,0,Lesya.local
1545131000612,65,159 /catalog/search/,200,Cars_Mail_ru 1-293,true,501,16,16,50,1,0,Lesya.local
1545131000879,62,159 /catalog/search/,200,Cars_Mail_ru 1-296,true,501,17,17,41,1,0,Lesya.local
1545131001258,57,159 /catalog/search/,200,Cars_Mail_ru 1-303,true,501,19,19,41,1,0,Lesya.local
1545131001534,92,159 /catalog/search/,200,Cars_Mail_ru 1-297,true,501,21,21,50,1,0,Lesya.local
1545131001538,112,159 /catalog/search/,200,Cars_Mail_ru 1-302,true,501,20,20,96,1,0,Lesya.local
1545131001762,95,159 /catalog/search/,200,Cars_Mail_ru 1-301,true,501,21,21,39,1,0,Lesya.local
1545131001861,80,159 /catalog/search/,200,Cars_Mail_ru 1-311,true,501,21,21,45,1,0,Lesya.local
1545131002009,58,159 /catalog/search/,200,Cars_Mail_ru 1-300,true,501,21,21,39,1,0,Lesya.local
1545131002050,65,159 /catalog/search/,200,Cars_Mail_ru 1-305,true,501,20,20,46,1,0,Lesya.local
1545131002056,59,159 /catalog/search/,200,Cars_Mail_ru 1-312,true,501,20,20,43,1,0,Lesya.local
1545131002157,54,159 /catalog/search/,200,Cars_Mail_ru 1-309,true,501,19,19,40,1,0,Lesya.local
1545131002309,52,159 /catalog/search/,200,Cars_Mail_ru 1-316,true,501,19,19,36,1,0,Lesya.local
1545131002340,58,159 /catalog/search/,200,Cars_Mail_ru 1-313,true,501,18,18,42,1,0,Lesya.local
1545131002528,57,159 /catalog/search/,200,Cars_Mail_ru 1-304,true,501,19,19,43,1,0,Lesya.local
1545131002566,60,159 /catalog/search/,200,Cars_Mail_ru 1-307,true,501,18,18,47,1,0,Lesya.local
1545131002736,62,159 /catalog/search/,200,Cars_Mail_ru 1-319,true,501,19,19,44,1,0,Lesya.local
1545131002767,71,159 /catalog/search/,200,Cars_Mail_ru 1-308,true,501,18,18,53,1,0,Lesya.local
1545131002791,71,159 /catalog/search/,200,Cars_Mail_ru 1-310,true,501,17,17,55,1,0,Lesya.local
1545131002846,58,159 /catalog/search/,200,Cars_Mail_ru 1-306,true,501,17,17,37,1,0,Lesya.local
1545131003058,69,159 /catalog/search/,200,Cars_Mail_ru 1-323,true,501,17,17,48,1,0,Lesya.local
1545131003104,61,159 /catalog/search/,200,Cars_Mail_ru 1-315,true,501,17,17,42,1,0,Lesya.local
1545131003117,56,159 /catalog/search/,200,Cars_Mail_ru 1-324,true,501,16,16,38,1,0,Lesya.local
1545131003196,56,159 /catalog/search/,200,Cars_Mail_ru 1-314,true,501,15,15,40,1,0,Lesya.local
1545131003411,54,159 /catalog/search/,200,Cars_Mail_ru 1-318,true,501,16,16,38,1,0,Lesya.local
1545131003455,63,159 /catalog/search/,200,Cars_Mail_ru 1-317,true,501,16,16,44,1,0,Lesya.local
1545131003722,68,159 /catalog/search/,200,Cars_Mail_ru 1-320,true,501,17,17,53,1,0,Lesya.local
1545131003992,70,159 /catalog/search/,200,Cars_Mail_ru 1-330,true,501,18,18,53,1,0,Lesya.local
1545131004036,61,159 /catalog/search/,200,Cars_Mail_ru 1-322,true,501,17,17,42,1,0,Lesya.local
1545131004168,63,159 /catalog/search/,200,Cars_Mail_ru 1-326,true,501,18,18,44,1,0,Lesya.local
1545131004446,78,159 /catalog/search/,200,Cars_Mail_ru 1-321,true,501,19,19,50,1,0,Lesya.local
1545131004799,70,159 /catalog/search/,200,Cars_Mail_ru 1-327,true,501,21,21,51,1,0,Lesya.local
1545131004984,91,159 /catalog/search/,200,Cars_Mail_ru 1-328,true,501,22,22,52,1,0,Lesya.local
1545131005007,101,159 /catalog/search/,200,Cars_Mail_ru 1-325,true,501,21,21,87,1,0,Lesya.local
1545131005368,61,159 /catalog/search/,200,Cars_Mail_ru 1-331,true,501,23,23,46,1,0,Lesya.local
1545131005458,56,159 /catalog/search/,200,Cars_Mail_ru 1-329,true,501,22,22,38,1,0,Lesya.local
1545131005492,58,159 /catalog/search/,200,Cars_Mail_ru 1-341,true,501,22,22,43,1,0,Lesya.local
1545131005633,84,159 /catalog/search/,200,Cars_Mail_ru 1-335,true,501,22,22,51,1,0,Lesya.local
1545131005633,88,159 /catalog/search/,200,Cars_Mail_ru 1-336,true,501,21,21,69,1,0,Lesya.local
1545131005734,57,159 /catalog/search/,200,Cars_Mail_ru 1-337,true,501,21,21,44,1,0,Lesya.local
1545131005759,57,159 /catalog/search/,200,Cars_Mail_ru 1-338,true,501,20,20,37,1,0,Lesya.local
1545131005791,62,159 /catalog/search/,200,Cars_Mail_ru 1-334,true,501,19,19,43,1,0,Lesya.local
1545131005867,57,159 /catalog/search/,200,Cars_Mail_ru 1-339,true,501,19,19,42,1,0,Lesya.local
1545131005966,57,159 /catalog/search/,200,Cars_Mail_ru 1-332,true,501,18,18,38,1,0,Lesya.local
1545131006026,53,159 /catalog/search/,200,Cars_Mail_ru 1-333,true,501,18,18,36,1,0,Lesya.local
1545131006100,64,159 /catalog/search/,200,Cars_Mail_ru 1-346,true,501,18,18,50,1,0,Lesya.local
1545131006169,61,159 /catalog/search/,200,Cars_Mail_ru 1-340,true,501,17,17,39,1,0,Lesya.local
1545131006488,62,159 /catalog/search/,200,Cars_Mail_ru 1-344,true,501,19,19,47,1,0,Lesya.local
1545131006487,82,159 /catalog/search/,200,Cars_Mail_ru 1-352,true,501,18,18,63,1,0,Lesya.local
1545131006482,88,159 /catalog/search/,200,Cars_Mail_ru 1-348,true,501,17,17,46,1,0,Lesya.local
1545131006562,56,159 /catalog/search/,200,Cars_Mail_ru 1-353,true,501,16,16,40,1,0,Lesya.local
1545131006659,61,159 /catalog/search/,200,Cars_Mail_ru 1-345,true,501,16,16,45,1,0,Lesya.local
1545131006744,59,159 /catalog/search/,200,Cars_Mail_ru 1-349,true,501,16,16,46,1,0,Lesya.local
1545131007052,69,159 /catalog/search/,200,Cars_Mail_ru 1-342,true,501,18,18,45,1,0,Lesya.local
1545131007052,76,159 /catalog/search/,200,Cars_Mail_ru 1-347,true,501,17,17,63,1,0,Lesya.local
1545131007085,67,159 /catalog/search/,200,Cars_Mail_ru 1-355,true,501,16,16,49,1,0,Lesya.local
1545131007195,60,159 /catalog/search/,200,Cars_Mail_ru 1-356,true,501,16,16,38,1,0,Lesya.local
1545131007208,90,159 /catalog/search/,200,Cars_Mail_ru 1-343,true,501,15,15,41,1,0,Lesya.local
1545131007352,58,159 /catalog/search/,200,Cars_Mail_ru 1-357,true,501,15,15,38,1,0,Lesya.local
1545131007719,58,159 /catalog/search/,200,Cars_Mail_ru 1-360,true,501,17,17,41,1,0,Lesya.local
1545131007841,59,159 /catalog/search/,200,Cars_Mail_ru 1-351,true,501,17,17,39,1,0,Lesya.local
1545131007899,58,159 /catalog/search/,200,Cars_Mail_ru 1-363,true,501,16,16,44,1,0,Lesya.local
1545131008008,60,159 /catalog/search/,200,Cars_Mail_ru 1-350,true,501,16,16,39,1,0,Lesya.local
1545131008250,83,159 /catalog/search/,200,Cars_Mail_ru 1-359,true,501,18,18,41,1,0,Lesya.local
1545131008282,89,159 /catalog/search/,200,Cars_Mail_ru 1-367,true,501,17,17,68,1,0,Lesya.local
1545131008459,59,159 /catalog/search/,200,Cars_Mail_ru 1-364,true,501,17,17,37,1,0,Lesya.local
1545131008476,55,159 /catalog/search/,200,Cars_Mail_ru 1-354,true,501,16,16,41,1,0,Lesya.local
1545131008509,59,159 /catalog/search/,200,Cars_Mail_ru 1-365,true,501,16,16,45,1,0,Lesya.local
1545131008591,55,159 /catalog/search/,200,Cars_Mail_ru 1-361,true,501,15,15,40,1,0,Lesya.local
1545131008684,56,159 /catalog/search/,200,Cars_Mail_ru 1-369,true,501,15,15,40,1,0,Lesya.local
1545131008919,54,159 /catalog/search/,200,Cars_Mail_ru 1-358,true,501,16,16,42,1,0,Lesya.local
1545131008960,57,159 /catalog/search/,200,Cars_Mail_ru 1-370,true,501,15,15,42,1,0,Lesya.local
1545131009028,56,159 /catalog/search/,200,Cars_Mail_ru 1-362,true,501,15,15,41,1,0,Lesya.local
1545131009267,63,159 /catalog/search/,200,Cars_Mail_ru 1-372,true,501,16,16,45,1,0,Lesya.local
1545131009494,65,159 /catalog/search/,200,Cars_Mail_ru 1-375,true,501,17,17,43,1,0,Lesya.local
1545131009561,52,159 /catalog/search/,200,Cars_Mail_ru 1-366,true,501,16,16,41,1,0,Lesya.local
1545131009586,61,159 /catalog/search/,200,Cars_Mail_ru 1-374,true,501,16,16,45,1,0,Lesya.local
1545131009841,99,159 /catalog/search/,200,Cars_Mail_ru 1-368,true,501,17,17,81,1,0,Lesya.local
1545131009962,60,159 /catalog/search/,200,Cars_Mail_ru 1-373,true,501,17,17,41,1,0,Lesya.local
1545131010195,61,159 /catalog/search/,200,Cars_Mail_ru 1-382,true,501,18,18,40,1,0,Lesya.local
1545131010229,58,159 /catalog/search/,200,Cars_Mail_ru 1-371,true,501,17,17,44,1,0,Lesya.local
1545131010305,71,159 /catalog/search/,200,Cars_Mail_ru 1-376,true,501,17,17,39,1,0,Lesya.local
1545131010479,55,159 /catalog/search/,200,Cars_Mail_ru 1-377,true,501,17,17,42,1,0,Lesya.local
1545131010504,66,159 /catalog/search/,200,Cars_Mail_ru 1-379,true,501,16,16,45,1,0,Lesya.local
1545131010522,62,159 /catalog/search/,200,Cars_Mail_ru 1-378,true,501,15,15,45,1,0,Lesya.local
1545131011047,60,159 /catalog/search/,200,Cars_Mail_ru 1-383,true,501,19,19,46,1,0,Lesya.local
1545131011138,57,159 /catalog/search/,200,Cars_Mail_ru 1-386,true,501,18,18,40,1,0,Lesya.local
1545131011222,59,159 /catalog/search/,200,Cars_Mail_ru 1-384,true,501,18,18,36,1,0,Lesya.local
1545131011247,58,159 /catalog/search/,200,Cars_Mail_ru 1-381,true,501,17,17,43,1,0,Lesya.local
1545131011285,61,159 /catalog/search/,200,Cars_Mail_ru 1-390,true,501,17,17,41,1,0,Lesya.local
1545131011448,86,159 /catalog/search/,200,Cars_Mail_ru 1-385,true,501,17,17,41,1,0,Lesya.local
1545131011703,57,159 /catalog/search/,200,Cars_Mail_ru 1-380,true,501,18,18,36,1,0,Lesya.local
1545131011847,59,159 /catalog/search/,200,Cars_Mail_ru 1-395,true,501,18,18,46,1,0,Lesya.local
1545131012085,53,159 /catalog/search/,200,Cars_Mail_ru 1-387,true,501,19,19,37,1,0,Lesya.local
1545131012175,53,159 /catalog/search/,200,Cars_Mail_ru 1-399,true,501,19,19,42,1,0,Lesya.local
1545131012266,58,159 /catalog/search/,200,Cars_Mail_ru 1-391,true,501,19,19,40,1,0,Lesya.local
1545131012343,66,159 /catalog/search/,200,Cars_Mail_ru 1-400,true,501,19,19,44,1,0,Lesya.local
1545131012391,70,159 /catalog/search/,200,Cars_Mail_ru 1-392,true,501,18,18,52,1,0,Lesya.local
1545131012461,65,159 /catalog/search/,200,Cars_Mail_ru 1-394,true,501,17,17,46,1,0,Lesya.local
1545131012645,72,159 /catalog/search/,200,Cars_Mail_ru 1-388,true,501,18,18,55,1,0,Lesya.local
1545131012672,93,159 /catalog/search/,200,Cars_Mail_ru 1-389,true,501,18,18,68,1,0,Lesya.local
1545131012868,65,159 /catalog/search/,200,Cars_Mail_ru 1-393,true,501,18,18,52,1,0,Lesya.local
1545131012998,59,159 /catalog/search/,200,Cars_Mail_ru 1-402,true,501,18,18,43,1,0,Lesya.local
1545131013116,52,159 /catalog/search/,200,Cars_Mail_ru 1-397,true,501,18,18,35,1,0,Lesya.local
1545131013480,58,159 /catalog/search/,200,Cars_Mail_ru 1-403,true,501,20,20,42,1,0,Lesya.local
1545131013505,57,159 /catalog/search/,200,Cars_Mail_ru 1-398,true,501,19,19,45,1,0,Lesya.local
1545131013531,67,159 /catalog/search/,200,Cars_Mail_ru 1-396,true,501,18,18,48,1,0,Lesya.local
1545131013629,53,159 /catalog/search/,200,Cars_Mail_ru 1-404,true,501,18,18,38,1,0,Lesya.local
1545131013673,58,159 /catalog/search/,200,Cars_Mail_ru 1-409,true,501,18,18,41,1,0,Lesya.local
1545131013709,60,159 /catalog/search/,200,Cars_Mail_ru 1-408,true,501,17,17,49,1,0,Lesya.local
1545131013727,61,159 /catalog/search/,200,Cars_Mail_ru 1-412,true,501,16,16,50,1,0,Lesya.local
1545131013872,57,159 /catalog/search/,200,Cars_Mail_ru 1-407,true,501,16,16,43,1,0,Lesya.local
1545131013989,65,159 /catalog/search/,200,Cars_Mail_ru 1-401,true,501,16,16,41,1,0,Lesya.local
1545131014193,60,159 /catalog/search/,200,Cars_Mail_ru 1-406,true,501,17,17,36,1,0,Lesya.local
1545131014697,92,159 /catalog/search/,200,Cars_Mail_ru 1-410,true,501,20,20,45,1,0,Lesya.local
1545131014786,79,159 /catalog/search/,200,Cars_Mail_ru 1-405,true,501,20,20,54,1,0,Lesya.local
1545131014853,60,159 /catalog/search/,200,Cars_Mail_ru 1-414,true,501,19,19,43,1,0,Lesya.local
1545131014921,71,159 /catalog/search/,200,Cars_Mail_ru 1-413,true,501,19,19,60,1,0,Lesya.local
1545131015182,108,159 /catalog/search/,200,Cars_Mail_ru 1-416,true,501,21,21,76,1,0,Lesya.local
1545131015210,89,159 /catalog/search/,200,Cars_Mail_ru 1-411,true,501,20,20,37,1,0,Lesya.local
1545131015288,52,159 /catalog/search/,200,Cars_Mail_ru 1-422,true,501,19,19,38,1,0,Lesya.local
1545131015508,57,159 /catalog/search/,200,Cars_Mail_ru 1-419,true,501,20,20,41,1,0,Lesya.local
1545131015527,65,159 /catalog/search/,200,Cars_Mail_ru 1-424,true,501,19,19,53,1,0,Lesya.local
1545131015718,63,159 /catalog/search/,200,Cars_Mail_ru 1-418,true,501,20,20,43,1,0,Lesya.local
1545131015754,64,159 /catalog/search/,200,Cars_Mail_ru 1-420,true,501,19,19,51,1,0,Lesya.local
1545131015873,60,159 /catalog/search/,200,Cars_Mail_ru 1-415,true,501,19,19,44,1,0,Lesya.local
1545131015943,52,159 /catalog/search/,200,Cars_Mail_ru 1-417,true,501,18,18,39,1,0,Lesya.local
1545131016087,54,159 /catalog/search/,200,Cars_Mail_ru 1-432,true,501,19,19,36,1,0,Lesya.local
1545131016123,54,159 /catalog/search/,200,Cars_Mail_ru 1-423,true,501,18,18,37,1,0,Lesya.local
1545131016263,60,159 /catalog/search/,200,Cars_Mail_ru 1-429,true,501,18,18,43,1,0,Lesya.local
1545131016533,58,159 /catalog/search/,200,Cars_Mail_ru 1-425,true,501,19,19,39,1,0,Lesya.local
1545131016583,96,159 /catalog/search/,200,Cars_Mail_ru 1-430,true,501,19,19,85,1,0,Lesya.local
1545131016692,61,159 /catalog/search/,200,Cars_Mail_ru 1-421,true,501,19,19,46,1,0,Lesya.local
1545131016768,61,159 /catalog/search/,200,Cars_Mail_ru 1-428,true,501,18,18,44,1,0,Lesya.local
1545131016822,55,159 /catalog/search/,200,Cars_Mail_ru 1-433,true,501,18,18,40,1,0,Lesya.local
1545131017028,55,159 /catalog/search/,200,Cars_Mail_ru 1-440,true,501,18,18,38,1,0,Lesya.local
1545131017135,60,159 /catalog/search/,200,Cars_Mail_ru 1-437,true,501,18,18,40,1,0,Lesya.local
1545131017178,62,159 /catalog/search/,200,Cars_Mail_ru 1-426,true,501,18,18,40,1,0,Lesya.local
1545131017202,57,159 /catalog/search/,200,Cars_Mail_ru 1-435,true,501,17,17,39,1,0,Lesya.local
1545131017251,73,159 /catalog/search/,200,Cars_Mail_ru 1-427,true,501,16,16,49,1,0,Lesya.local
1545131017251,83,159 /catalog/search/,200,Cars_Mail_ru 1-438,true,501,15,15,70,1,0,Lesya.local
1545131017379,61,159 /catalog/search/,200,Cars_Mail_ru 1-431,true,501,15,15,44,1,0,Lesya.local
1545131017824,76,159 /catalog/search/,200,Cars_Mail_ru 1-443,true,501,18,18,46,1,0,Lesya.local
1545131018016,60,159 /catalog/search/,200,Cars_Mail_ru 1-448,true,501,19,19,41,1,0,Lesya.local
1545131018066,55,159 /catalog/search/,200,Cars_Mail_ru 1-441,true,501,18,18,40,1,0,Lesya.local
1545131018140,49,159 /catalog/search/,200,Cars_Mail_ru 1-434,true,501,18,18,37,1,0,Lesya.local
1545131018182,52,159 /catalog/search/,200,Cars_Mail_ru 1-439,true,501,17,17,38,1,0,Lesya.local
1545131018270,55,159 /catalog/search/,200,Cars_Mail_ru 1-436,true,501,17,17,41,1,0,Lesya.local
1545131018427,57,159 /catalog/search/,200,Cars_Mail_ru 1-445,true,501,17,17,40,1,0,Lesya.local
1545131018500,59,159 /catalog/search/,200,Cars_Mail_ru 1-444,true,501,17,17,37,1,0,Lesya.local
1545131018693,58,159 /catalog/search/,200,Cars_Mail_ru 1-453,true,501,17,17,39,1,0,Lesya.local
1545131018767,59,159 /catalog/search/,200,Cars_Mail_ru 1-454,true,501,17,17,44,1,0,Lesya.local
1545131018842,108,159 /catalog/search/,200,Cars_Mail_ru 1-446,true,501,17,17,74,1,0,Lesya.local
1545131018842,113,159 /catalog/search/,200,Cars_Mail_ru 1-442,true,501,16,16,95,1,0,Lesya.local
1545131019001,49,159 /catalog/search/,200,Cars_Mail_ru 1-455,true,501,16,16,35,1,0,Lesya.local
1545131019151,58,159 /catalog/search/,200,Cars_Mail_ru 1-450,true,501,16,16,38,1,0,Lesya.local
1545131019659,63,159 /catalog/search/,200,Cars_Mail_ru 1-449,true,501,19,19,45,1,0,Lesya.local
1545131019720,63,159 /catalog/search/,200,Cars_Mail_ru 1-451,true,501,19,19,42,1,0,Lesya.local
1545131019785,55,159 /catalog/search/,200,Cars_Mail_ru 1-458,true,501,18,18,42,1,0,Lesya.local
1545131019823,61,159 /catalog/search/,200,Cars_Mail_ru 1-447,true,501,18,18,41,1,0,Lesya.local
1545131020039,63,159 /catalog/search/,200,Cars_Mail_ru 1-459,true,501,19,19,46,1,0,Lesya.local
1545131020111,54,159 /catalog/search/,200,Cars_Mail_ru 1-457,true,501,18,18,36,1,0,Lesya.local
1545131020265,56,159 /catalog/search/,200,Cars_Mail_ru 1-452,true,501,18,18,42,1,0,Lesya.local
1545131020273,75,159 /catalog/search/,200,Cars_Mail_ru 1-467,true,501,18,18,58,1,0,Lesya.local
1545131020376,57,159 /catalog/search/,200,Cars_Mail_ru 1-460,true,501,17,17,38,1,0,Lesya.local
1545131020588,60,159 /catalog/search/,200,Cars_Mail_ru 1-469,true,501,18,18,44,1,0,Lesya.local
1545131020594,57,159 /catalog/search/,200,Cars_Mail_ru 1-466,true,501,17,17,43,1,0,Lesya.local
1545131020649,75,159 /catalog/search/,200,Cars_Mail_ru 1-468,true,501,17,17,36,1,0,Lesya.local
1545131020649,76,159 /catalog/search/,200,Cars_Mail_ru 1-464,true,501,16,16,60,1,0,Lesya.local
1545131020737,56,159 /catalog/search/,200,Cars_Mail_ru 1-456,true,501,15,15,43,1,0,Lesya.local
1545131020951,65,159 /catalog/search/,200,Cars_Mail_ru 1-463,true,501,16,16,40,1,0,Lesya.local
1545131021240,85,159 /catalog/search/,200,Cars_Mail_ru 1-465,true,501,18,18,59,1,0,Lesya.local
1545131021227,104,159 /catalog/search/,200,Cars_Mail_ru 1-462,true,501,17,17,85,1,0,Lesya.local
1545131021381,60,159 /catalog/search/,200,Cars_Mail_ru 1-461,true,501,17,17,39,1,0,Lesya.local
1545131021387,67,159 /catalog/search/,200,Cars_Mail_ru 1-474,true,501,16,16,54,1,0,Lesya.local
1545131021482,57,159 /catalog/search/,200,Cars_Mail_ru 1-473,true,501,16,16,41,1,0,Lesya.local
1545131021562,70,159 /catalog/search/,200,Cars_Mail_ru 1-470,true,501,15,15,40,1,0,Lesya.local
1545131022261,79,159 /catalog/search/,200,Cars_Mail_ru 1-477,true,501,20,20,35,1,0,Lesya.local
1545131022333,56,159 /catalog/search/,200,Cars_Mail_ru 1-478,true,501,20,20,38,1,0,Lesya.local
1545131022456,57,159 /catalog/search/,200,Cars_Mail_ru 1-475,true,501,20,20,38,1,0,Lesya.local
1545131022472,52,159 /catalog/search/,200,Cars_Mail_ru 1-472,true,501,19,19,39,1,0,Lesya.local
1545131022590,57,159 /catalog/search/,200,Cars_Mail_ru 1-480,true,501,19,19,39,1,0,Lesya.local
1545131022723,68,159 /catalog/search/,200,Cars_Mail_ru 1-487,true,501,19,19,50,1,0,Lesya.local
1545131022735,59,159 /catalog/search/,200,Cars_Mail_ru 1-471,true,501,18,18,39,1,0,Lesya.local
1545131022841,60,159 /catalog/search/,200,Cars_Mail_ru 1-488,true,501,18,18,43,1,0,Lesya.local
1545131022841,62,159 /catalog/search/,200,Cars_Mail_ru 1-486,true,501,17,17,46,1,0,Lesya.local
1545131022976,52,159 /catalog/search/,200,Cars_Mail_ru 1-476,true,501,17,17,34,1,0,Lesya.local
1545131023071,54,159 /catalog/search/,200,Cars_Mail_ru 1-489,true,501,17,17,38,1,0,Lesya.local
1545131023327,57,159 /catalog/search/,200,Cars_Mail_ru 1-479,true,501,17,17,40,1,0,Lesya.local
1545131023399,50,159 /catalog/search/,200,Cars_Mail_ru 1-482,true,501,16,16,33,1,0,Lesya.local
1545131023742,64,159 /catalog/search/,200,Cars_Mail_ru 1-495,true,501,15,15,43,1,0,Lesya.local
1545131023772,64,159 /catalog/search/,200,Cars_Mail_ru 1-496,true,501,14,14,43,1,0,Lesya.local
1545131023761,80,159 /catalog/search/,200,Cars_Mail_ru 1-481,true,501,13,13,60,1,0,Lesya.local
1545131023787,69,159 /catalog/search/,200,Cars_Mail_ru 1-484,true,501,12,12,54,1,0,Lesya.local
1545131023871,56,159 /catalog/search/,200,Cars_Mail_ru 1-483,true,501,11,11,43,1,0,Lesya.local
1545131024095,66,159 /catalog/search/,200,Cars_Mail_ru 1-492,true,501,10,10,45,1,0,Lesya.local
1545131024080,85,159 /catalog/search/,200,Cars_Mail_ru 1-491,true,501,9,9,66,1,0,Lesya.local
1545131024138,69,159 /catalog/search/,200,Cars_Mail_ru 1-485,true,501,8,8,42,1,0,Lesya.local
1545131024632,82,159 /catalog/search/,200,Cars_Mail_ru 1-494,true,501,7,7,44,1,0,Lesya.local
1545131024658,77,159 /catalog/search/,200,Cars_Mail_ru 1-500,true,501,6,6,62,1,0,Lesya.local
1545131024816,54,159 /catalog/search/,200,Cars_Mail_ru 1-490,true,501,5,5,37,1,0,Lesya.local
1545131024988,63,159 /catalog/search/,200,Cars_Mail_ru 1-497,true,501,4,4,46,1,0,Lesya.local
1545131025232,52,159 /catalog/search/,200,Cars_Mail_ru 1-493,true,501,3,3,37,1,0,Lesya.local
1545131025313,53,159 /catalog/search/,200,Cars_Mail_ru 1-498,true,501,2,2,35,1,0,Lesya.local
1545131025843,55,159 /catalog/search/,200,Cars_Mail_ru 1-499,true,501,1,1,41,1,0,Lesya.local
